algorithm,input_type,n,size_class,time_ms,max_depth,recursive_calls,comparisons,swaps,allocations
MergeSort,random,1000,small,0.1006,7,127,10385,9648,1
QuickSort,random,1000,small,0.1141,7,665,15876,11184,0
ArraysSort,random,1000,small,0.2402,,,,,
MergeSort,random,2000,small,0.3653,8,255,22901,21466,1
QuickSort,random,2000,small,0.2433,8,1330,36971,24910,0
ArraysSort,random,2000,small,0.1067,,,,,
MergeSort,random,5000,small,0.3620,10,1023,59017,56013,1
QuickSort,random,5000,small,0.3604,10,3361,119983,77442,0
ArraysSort,random,5000,small,0.2812,,,,,
MergeSort,random,10000,medium,0.7543,11,2047,127940,121827,1
QuickSort,random,10000,medium,0.7131,9,6626,230888,155357,0
ArraysSort,random,10000,medium,0.7521,,,,,
MergeSort,random,20000,medium,1.6553,12,4095,276281,263985,1
QuickSort,random,20000,medium,2.0259,10,13293,520442,346218,0
ArraysSort,random,20000,medium,2.1575,,,,,
MergeSort,random,50000,medium,3.8353,13,8191,773328,739722,1
QuickSort,random,50000,medium,4.5698,12,33415,1347975,946533,0
ArraysSort,random,50000,medium,3.2435,,,,,
MergeSort,random,100000,medium,8.0171,14,16383,1648040,1580931,1
QuickSort,random,100000,medium,8.7505,11,66615,2875378,1946692,0
ArraysSort,random,100000,medium,5.7387,,,,,
MergeSort,random,200000,large,17.3448,15,32767,3496191,3361667,1
QuickSort,random,200000,large,18.1965,12,133401,6475865,4340132,0
ArraysSort,random,200000,large,11.2661,,,,,
MergeSort,random,500000,large,46.2268,16,65535,9647990,9287851,1
QuickSort,random,500000,large,45.0116,14,333331,16656988,11261849,0
ArraysSort,random,500000,large,28.5137,,,,,
MergeSort,random,1000000,large,88.2971,17,131071,20290890,19569117,1
QuickSort,random,1000000,large,93.5625,14,666266,35845170,24087959,0
ArraysSort,random,1000000,large,57.9757,,,,,
MergeSort,sorted,1000,small,0.0024,7,127,999,0,1
QuickSort,sorted,1000,small,0.0351,7,661,15784,10850,0
ArraysSort,sorted,1000,small,0.0017,,,,,
MergeSort,sorted,2000,small,0.0047,8,255,1999,0,1
QuickSort,sorted,2000,small,0.0700,8,1329,35782,24350,0
ArraysSort,sorted,2000,small,0.0043,,,,,
MergeSort,sorted,5000,small,0.0102,10,1023,4999,0,1
QuickSort,sorted,5000,small,0.2283,9,3332,102905,69294,0
ArraysSort,sorted,5000,small,0.0082,,,,,
MergeSort,sorted,10000,medium,0.0183,11,2047,9999,0,1
QuickSort,sorted,10000,medium,0.4177,10,6665,236363,157296,0
ArraysSort,sorted,10000,medium,0.0178,,,,,
MergeSort,sorted,20000,medium,0.0378,12,4095,19999,0,1
QuickSort,sorted,20000,medium,0.8725,10,13363,504830,349140,0
ArraysSort,sorted,20000,medium,0.0035,,,,,
MergeSort,sorted,50000,medium,0.0893,13,8191,49999,0,1
QuickSort,sorted,50000,medium,2.3341,11,33414,1392490,955532,0
ArraysSort,sorted,50000,medium,0.0099,,,,,
MergeSort,sorted,100000,medium,0.2325,14,16383,99999,0,1
QuickSort,sorted,100000,medium,4.9049,11,66633,2977507,1992856,0
ArraysSort,sorted,100000,medium,0.0173,,,,,
MergeSort,sorted,200000,large,0.4814,15,32767,199999,0,1
QuickSort,sorted,200000,large,10.7901,12,133461,6189768,4199428,0
ArraysSort,sorted,200000,large,0.0352,,,,,
MergeSort,sorted,500000,large,1.2186,16,65535,499999,0,1
QuickSort,sorted,500000,large,28.1655,13,333181,18011453,12226996,0
ArraysSort,sorted,500000,large,0.1057,,,,,
MergeSort,sorted,1000000,large,2.7096,17,131071,999999,0,1
QuickSort,sorted,1000000,large,58.0818,14,666650,35392180,24341682,0
ArraysSort,sorted,1000000,large,0.2492,,,,,
MergeSort,reverse,1000,small,0.0196,7,127,10363,13320,1
QuickSort,reverse,1000,small,0.0334,8,669,15131,10346,0
ArraysSort,reverse,1000,small,0.0194,,,,,
MergeSort,reverse,2000,small,0.0395,8,255,21727,28640,1
QuickSort,reverse,2000,small,0.0708,7,1325,37095,25510,0
ArraysSort,reverse,2000,small,0.0136,,,,,
MergeSort,reverse,5000,small,0.0907,10,1023,44835,66960,1
QuickSort,reverse,5000,small,0.1886,8,3354,103945,72228,0
ArraysSort,reverse,5000,small,0.0126,,,,,
MergeSort,reverse,10000,medium,0.2018,11,2047,94671,143920,1
QuickSort,reverse,10000,medium,0.4013,9,6683,234713,158714,0
ArraysSort,reverse,10000,medium,0.0336,,,,,
MergeSort,reverse,20000,medium,0.3987,12,4095,199343,307840,1
QuickSort,reverse,20000,medium,0.8829,10,13311,490111,338130,0
ArraysSort,reverse,20000,medium,0.0089,,,,,
MergeSort,reverse,50000,medium,1.2043,13,8191,583503,880512,1
QuickSort,reverse,50000,medium,2.2746,11,33306,1381838,930106,0
ArraysSort,reverse,50000,medium,0.0220,,,,,
MergeSort,reverse,100000,medium,2.4710,14,16383,1217007,1861024,1
QuickSort,reverse,100000,medium,4.9416,12,66603,2996146,1972770,0
ArraysSort,reverse,100000,medium,0.0440,,,,,
MergeSort,reverse,200000,large,5.4709,15,32767,2534015,3922048,1
QuickSort,reverse,200000,large,11.0107,12,133387,6441589,4296712,0
ArraysSort,reverse,200000,large,0.0898,,,,,
MergeSort,reverse,500000,large,15.6903,16,65535,7341679,11067840,1
QuickSort,reverse,500000,large,27.8795,13,333596,17161090,11818702,0
ArraysSort,reverse,500000,large,0.2405,,,,,
MergeSort,reverse,1000000,large,32.8737,17,131071,15183359,23135680,1
QuickSort,reverse,1000000,large,57.3523,15,666408,35749947,24085816,0
ArraysSort,reverse,1000000,large,0.5321,,,,,
MergeSort,duplicates,1000,small,0.0280,7,127,9846,9315,1
QuickSort,duplicates,1000,small,0.0134,3,11,5157,2209,0
ArraysSort,duplicates,1000,small,0.0538,,,,,
MergeSort,duplicates,2000,small,0.0719,8,255,21611,20526,1
QuickSort,duplicates,2000,small,0.0268,3,11,11017,5277,0
ArraysSort,duplicates,2000,small,0.0843,,,,,
MergeSort,duplicates,5000,small,0.1659,10,1023,56595,54925,1
QuickSort,duplicates,5000,small,0.0588,3,11,29137,11798,0
ArraysSort,duplicates,5000,small,0.1092,,,,,
MergeSort,duplicates,10000,medium,0.3383,11,2047,122496,119753,1
QuickSort,duplicates,10000,medium,0.1136,3,11,55867,28895,0
ArraysSort,duplicates,10000,medium,0.1417,,,,,
MergeSort,duplicates,20000,medium,0.7281,12,4095,264377,259776,1
QuickSort,duplicates,20000,medium,0.2376,4,11,117633,45790,0
ArraysSort,duplicates,20000,medium,0.3210,,,,,
MergeSort,duplicates,50000,medium,1.8596,13,8191,737514,726193,1
QuickSort,duplicates,50000,medium,0.5894,3,11,264763,114994,0
ArraysSort,duplicates,50000,medium,0.6882,,,,,
MergeSort,duplicates,100000,medium,4.0233,14,16383,1570289,1552252,1
QuickSort,duplicates,100000,medium,1.1673,3,11,521030,210822,0
ArraysSort,duplicates,100000,medium,1.3073,,,,,
MergeSort,duplicates,200000,large,8.3400,15,32767,3331750,3305800,1
QuickSort,duplicates,200000,large,2.5776,3,11,1122632,461298,0
ArraysSort,duplicates,200000,large,2.5061,,,,,
MergeSort,duplicates,500000,large,22.1012,16,65535,9164470,9108010,1
QuickSort,duplicates,500000,large,5.9876,3,11,2599869,1050139,0
ArraysSort,duplicates,500000,large,5.0694,,,,,
MergeSort,duplicates,1000000,large,44.6345,17,131071,19279625,19216017,1
QuickSort,duplicates,1000000,large,12.2647,4,11,5298653,2099127,0
ArraysSort,duplicates,1000000,large,10.3132,,,,,
DeterministicSelect,random,1000,small,0.1433,8,76,9002,6174,0
SortThenIndex,random,1000,small,0.0284,,,,,
DeterministicSelect,random,2000,small,0.1122,10,112,18750,13151,0
SortThenIndex,random,2000,small,0.0617,,,,,
DeterministicSelect,random,5000,small,1.2144,11,250,48324,33345,0
SortThenIndex,random,5000,small,0.1648,,,,,
DeterministicSelect,random,10000,medium,1.8891,12,309,97036,67221,0
SortThenIndex,random,10000,medium,0.3600,,,,,
DeterministicSelect,random,20000,medium,5.2296,14,528,200562,138151,0
SortThenIndex,random,20000,medium,0.7927,,,,,
DeterministicSelect,random,50000,medium,2.1472,15,1004,508741,351537,0
SortThenIndex,random,50000,medium,2.2124,,,,,
DeterministicSelect,random,100000,medium,3.0740,15,1462,981106,678594,0
SortThenIndex,random,100000,medium,4.6793,,,,,
DeterministicSelect,random,200000,large,6.3224,16,2394,2010295,1393900,0
SortThenIndex,random,200000,large,10.6941,,,,,
DeterministicSelect,random,500000,large,15.7665,18,4400,5012868,3454598,0
SortThenIndex,random,500000,large,27.6173,,,,,
DeterministicSelect,random,1000000,large,31.0495,19,6891,10304461,7143769,0
SortThenIndex,random,1000000,large,58.4190,,,,,
DeterministicSelect,sorted,1000,small,0.0099,9,86,7792,4371,0
SortThenIndex,sorted,1000,small,0.0003,,,,,
DeterministicSelect,sorted,2000,small,0.0204,10,122,15842,8933,0
SortThenIndex,sorted,2000,small,0.0003,,,,,
DeterministicSelect,sorted,5000,small,0.0608,11,259,41770,23829,0
SortThenIndex,sorted,5000,small,0.0008,,,,,
DeterministicSelect,sorted,10000,medium,0.1359,12,365,84304,48343,0
SortThenIndex,sorted,10000,medium,0.0015,,,,,
DeterministicSelect,sorted,20000,medium,0.3657,13,580,171306,98616,0
SortThenIndex,sorted,20000,medium,0.0030,,,,,
DeterministicSelect,sorted,50000,medium,0.7690,15,1083,435641,252092,0
SortThenIndex,sorted,50000,medium,0.0083,,,,,
DeterministicSelect,sorted,100000,medium,1.5089,16,1668,876589,507883,0
SortThenIndex,sorted,100000,medium,0.0166,,,,,
DeterministicSelect,sorted,200000,large,3.0620,17,2622,1765353,1025818,0
SortThenIndex,sorted,200000,large,0.0408,,,,,
DeterministicSelect,sorted,500000,large,7.2472,18,4578,4428959,2576177,0
SortThenIndex,sorted,500000,large,0.0974,,,,,
DeterministicSelect,sorted,1000000,large,15.3189,19,7232,8906250,5189032,0
SortThenIndex,sorted,1000000,large,0.2351,,,,,
DeterministicSelect,reverse,1000,small,0.0122,8,72,8843,6794,0
SortThenIndex,reverse,1000,small,0.0006,,,,,
DeterministicSelect,reverse,2000,small,0.0258,9,106,18100,13915,0
SortThenIndex,reverse,2000,small,0.0010,,,,,
DeterministicSelect,reverse,5000,small,0.0761,10,206,46336,35476,0
SortThenIndex,reverse,5000,small,0.0026,,,,,
DeterministicSelect,reverse,10000,medium,0.1996,12,299,93661,71839,0
SortThenIndex,reverse,10000,medium,0.0046,,,,,
DeterministicSelect,reverse,20000,medium,0.3376,12,438,188527,144548,0
SortThenIndex,reverse,20000,medium,0.0093,,,,,
DeterministicSelect,reverse,50000,medium,0.8401,14,867,478423,366518,0
SortThenIndex,reverse,50000,medium,0.0320,,,,,
DeterministicSelect,reverse,100000,medium,1.7235,15,1222,955921,733326,0
SortThenIndex,reverse,100000,medium,0.0477,,,,,
DeterministicSelect,reverse,200000,large,3.6394,16,2049,1931948,1480385,0
SortThenIndex,reverse,200000,large,0.1217,,,,,
DeterministicSelect,reverse,500000,large,8.6352,17,3616,4846158,3714680,0
SortThenIndex,reverse,500000,large,0.2411,,,,,
DeterministicSelect,reverse,1000000,large,17.8036,18,5515,9687143,7447602,0
SortThenIndex,reverse,1000000,large,0.6255,,,,,
DeterministicSelect,duplicates,1000,small,0.0142,5,5,3777,2348,0
SortThenIndex,duplicates,1000,small,0.0116,,,,,
DeterministicSelect,duplicates,2000,small,0.0296,6,12,8576,5038,0
SortThenIndex,duplicates,2000,small,0.0210,,,,,
DeterministicSelect,duplicates,5000,small,0.0686,6,6,19293,11886,0
SortThenIndex,duplicates,5000,small,0.0570,,,,,
DeterministicSelect,duplicates,10000,medium,0.1192,6,6,37117,23183,0
SortThenIndex,duplicates,10000,medium,0.0972,,,,,
DeterministicSelect,duplicates,20000,medium,0.2692,7,7,74419,46644,0
SortThenIndex,duplicates,20000,medium,0.2157,,,,,
DeterministicSelect,duplicates,50000,medium,0.7022,9,42,358879,190212,0
SortThenIndex,duplicates,50000,medium,0.5152,,,,,
DeterministicSelect,duplicates,100000,medium,1.3157,8,17,393726,239742,0
SortThenIndex,duplicates,100000,medium,1.0247,,,,,
DeterministicSelect,duplicates,200000,large,2.7009,10,36,1358456,738699,0
SortThenIndex,duplicates,200000,large,2.2726,,,,,
DeterministicSelect,duplicates,500000,large,8.0036,9,22,1940462,1191363,0
SortThenIndex,duplicates,500000,large,5.5206,,,,,
DeterministicSelect,duplicates,1000000,large,20.2013,11,41,6780524,3674653,0
SortThenIndex,duplicates,1000000,large,10.3795,,,,,
ClosestPair,random,1000,small,0.5762,10,975,3270,1148,3
ClosestPairBrute,random,1000,small,1.7488,0,0,499500,0,0
ClosestPair,random,2000,small,0.8338,11,1951,7132,2296,3
ClosestPairBrute,random,2000,small,3.3089,0,0,1999000,0,0
ClosestPair,random,5000,small,2.2672,12,4095,17793,6367,3
ClosestPairBrute,random,5000,small,17.5587,0,0,12497500,0,0
ClosestPair,random,10000,medium,10.3551,13,8191,40792,13021,3
ClosestPairBrute,random,10000,medium,69.2635,0,0,49995000,0,0
ClosestPair,random,20000,medium,10.5342,14,16383,85894,26125,3
ClosestPairBrute,random,20000,medium,279.9771,0,0,199990000,0,0
ClosestPair,random,50000,medium,23.5690,16,34463,225547,71136,3
ClosestPair,random,100000,medium,54.9620,17,68927,485392,142555,3
ClosestPair,random,200000,large,119.8252,18,137855,1029956,285846,3
ClosestPair,random,500000,large,321.9156,19,475711,3037423,608456,3
ClosestPair,random,1000000,large,917.0484,20,951423,6412742,1219056,3
ClosestPair,duplicates,1000,small,0.3284,10,975,19,541,3
ClosestPairBrute,duplicates,1000,small,0.6606,0,0,499500,0,0
ClosestPair,duplicates,2000,small,0.5500,11,1951,55,1085,3
ClosestPairBrute,duplicates,2000,small,2.7402,0,0,1999000,0,0
ClosestPair,duplicates,5000,small,1.7083,12,4095,25,3862,3
ClosestPairBrute,duplicates,5000,small,17.1167,0,0,12497500,0,0
ClosestPair,duplicates,10000,medium,2.9616,13,8191,63,7726,3
ClosestPairBrute,duplicates,10000,medium,69.7077,0,0,49995000,0,0
ClosestPair,duplicates,20000,medium,5.8929,14,16383,130,15454,3
ClosestPairBrute,duplicates,20000,medium,278.6905,0,0,199990000,0,0
ClosestPair,duplicates,50000,medium,17.1135,16,34463,99,48328,3
ClosestPair,duplicates,100000,medium,39.0925,17,68927,229,96663,3
ClosestPair,duplicates,200000,large,87.9102,18,137855,538,193344,3
ClosestPair,duplicates,500000,large,281.8128,19,475711,15869,290300,3
ClosestPair,duplicates,1000000,large,831.3863,20,951423,32085,580675,3
